19014,5198328.667,308785.609,3.03,19014
19016,5198313.919,310316.254,38.362,19016
23228,5227887.352,316572.848,42.365,23228
23242,5241020.743,320846.299,7.757,23242
23281,5232803.645,316764.527,106.663,23281
23290,5230761.611,316463.609,80.283,23290
23295,5229991.572,313343.051,94.231,23295
23401,5244555.274,310884.222,139.731,23401
23403,5244767.387,307298.878,220.242,23403
23417,5219626.214,312026.657,54.304,23417
23419,5219203.324,310473.139,74.566,23419
23422,5217232.814,308412.918,3.527,23422
23446,5217235.304,310482.248,58.767,23446
23449,5219204.964,313138.367,85.107,23449
26016,5265619.958,322357.881,100.488,26016
26042,5266449.44,323786.605,85.941,26042
26060,5266457.316,324764.072,26.027,26060
26127,5269455.022,324118.933,68.768,26127
26134,5267872.788,320371.977,0,26134
26151,5267526.179,325526.126,28.9,26151
26214,5269798.181,326875.764,27.196,26214
26215,5269867.062,326932.291,33.819,26215
26243,5270525.323,326630.419,22.535,26243
26258,5272392.489,325236.696,93.889,26258
26309,5272894.163,325139.81,108.968,26309
26311,5272599.17,325216.245,94.851,26311
26362,5272404.944,325895.009,74.15,26362
26368,5272789.435,327053.985,68.01,26368
26381,5271216.528,325807.172,49.377,26381
26395,5270100.913,326717.071,46.182,26395
26508,5263044.967,320570.193,131.097,26508
26513,5267439.125,320647.822,160.303,26513
26515,5268063.159,321692.381,134.988,26515
26544,5264004.885,321746.927,101.611,26544
26558,5266278.529,318107.363,183.199,26558
26585,5256305.288,322039.623,81.201,26585
26586,5255259.196,322184.414,111.935,26586
26588,5262673.038,322569.408,114.403,26588
26606,5262002.238,305582.395,71.077,26606
26622,5266041.086,312884.305,141.805,26622
26624,5267179.002,313030.342,158.904,26624
26630,5266285.836,314810.455,200.118,26630
26638,5265820.712,315507.459,173.167,26638
26673,5270519.457,315421.811,134.589,26673
26699,5266240.333,311205.525,63.042,26699
26726,5242553.658,318477.737,31.077,26726
28156,5268143.853,320249.654,0,28156
29016,5274811.116,317927.49,153.587,29016
29023,5275957.725,317163.49,93.022,29023
29046,5275158.411,328140.862,81.048,29046
29048,5275977.236,327988.704,84.158,29048
29055,5277425.296,327807.141,81.649,29055
29059,5278668.986,327780.947,73.107,29059
29068,5280419.317,324689.89,73.805,29068
29077,5281380.17,321418.955,126.29,29077
29078,5282488.578,320222.823,166.803,29078
29091,5279672.885,325334.895,58.647,29091
29128,5274375.16,307297.259,98.102,29128
29131,5273432.702,305711.946,82.649,29131
29148,5277813.266,309956.744,88.624,29148
29167,5278787.772,309318.148,63.895,29167
29168,5278801.361,308996.566,55.713,29168
29169,5278505.862,308853.013,63.468,29169
29272,5292116.619,322160.627,61.652,29272
29275,5290134.397,324125.096,107.17,29275
29278,5287570.913,324862.849,97.872,29278
29279,5286516.859,325201.093,101.286,29279
42069,5260301.282,301926.801,53.548,ROCK
71092,5237264.028,240301.52,24.738,71092
71135,5231644.987,236775.62,31.15,71135
73266,5282344.496,243480.308,21.269,73266
81021,5232447.428,252716.637,157.569,81021
81025,5231362.848,249462.289,122.359,81025
81054,5231147.222,267454.618,103.623,81054
81055,5230891.969,268243.946,94.518,81055
81063,5229053.668,270758.081,137.957,81063
82331,5248171.652,255585.195,131.009,82331
82333,5246181.243,253109.808,149.904,82333
82349,5248712.465,256713.651,117.646,82349
82357,5256746.5,263314.298,58.108,82357
82374,5253762.925,265091.91,83.604,82374
82375,5254955.881,265061.343,76.95,82375
82385,5246341.666,264119.183,66.859,82385
82386,5244142.422,264077.003,70.199,82386
82390,5245291.18,264105.036,75.915,82390
83043,5277640.53,246613.779,3.923,83043
91007,5234238.525,281806.49,146.028,91007
91020,5239915.977,285650.559,161.533,91020
91021,5240760.607,286203.459,152.233,91021
91054,5231156.285,278463.726,101.964,91054
91055,5231335.53,278586.691,110.774,91055
91056,5231742.97,278873.889,123.767,91056
92042,5258061.203,278158.637,122.021,92042
92081,5260966.08,287814.026,92.326,92081
92231,5272120.113,289147.554,21.542,92231
92305,5253390.267,279554.643,115.373,92305
92306,5254225.723,279281.194,106.702,92306
92341,5256126.192,287913.905,58.062,92341
92363,5256747.729,289798.463,38.952,92363
92374,5258334.648,291180.597,116.861,92374
92411,5255702.054,292977.301,8.132,92411-Dam?
92424,5254505.236,291675.715,65.971,92424
92431,5253311.2,293328.522,13.238,92431
92453,5251949.137,296161.183,64.068,92453
92503,5248392.72,292991.093,78.443,92503
92504,5249193.08,292455.178,72.729,92504
94200,5314007.783,301958.049,103.913,94200
200104,5229500.041,311212.681,113.1,2001G04
200328,5270401.293,326346.556,31.246,2003G28
519001,5198997.636,215466.509,16.159,519001
519002,5199814.783,215377.173,33.093,519002
519003,5200186.487,215432.816,57.375,519003
619037,5200462.77,215562.724,56.798,619037
620022,5299844.072,298118.558,30.071,620022
620024,5300499.708,297872.274,26.646,620024
710018,5220877.217,312036.443,133.371,710018
719003,5207541.503,255934.265,10.455,719003
719005,5195022.909,259240.592,35.262,719005
719007,5193589.846,258386.378,35.423,719007
719009,5192701.32,258856.207,83.31,719009
802106,5238177.947,319138.82,7.422,80G2106
802108,5238108.826,317831.124,38.263,80G2108
802110,5237482.504,317436.01,34.14,80G2110
802111,5236880.896,317825.516,52.599,80G2111
802113,5242188.143,318710.645,18.75,80G2113
802114,5241797.826,319308.019,19.191,80G2114
802121,5262169.686,319117.227,159.039,80G2121
802129,5262248.209,322367.982,131.554,80G2129
802130,5262704.505,318361.707,175.422,80G2130
802144,5263047.151,319804.948,137.88,80G2144
802150,5263945.842,323107.42,92.793,80G2150
802153,5263853.232,318854.872,149.052,80G2153
802157,5264501.225,318703.115,140.302,80G2157
802162,5264488.245,320013.464,114.894,80G2162
802164,5264486.138,320553.867,113.172,80G2164
802165,5264476.405,320669.942,112.376,80G2165
802166,5264558.549,320843.237,108.505,80G2166
802167,5264542.64,321051.373,102.357,80G2167
802170,5264953.677,320807.124,105.561,80G2170
802172,5264929.664,319695.371,127.43,80G2172
802190,5265832.296,322593.464,102.697,80G2190
802194,5265164.371,323042.235,55.505,80G2194
802195,5266155.861,322794.248,104.244,80G2195
802196,5266437.894,323206.211,104.708,80G2196
802216,5267707.657,324250.248,92.053,80G2216
802232,5269027.381,324867.564,76.203,80G2232
802240,5268139.438,325163.904,81.743,80G2240
802244,5270906.796,325180.967,60.874,80G2244
802259,5269048.699,326427.519,9.738,80G2259
802266,5268475.443,322336.199,114.22,80G2266
802267,5268753.297,322976.419,81.827,80G2267
802299,5269753.168,323912.41,60.091,80G2299
812010,5282543.09,286512.419,18.128,81G2010
812016,5284048.507,288894.382,14.711,81G2016
812018,5284431.034,289429.499,11.322,81G2018
812028,5287617.979,287176.705,21.995,81G2028
812046,5289222.39,288146.802,50.175,81G2046
812055,5289001.936,288876.955,30.283,81G2055
812103,5278710.273,288390.357,118.261,81G2103
812109,5278660.079,287326.991,111.627,81G2109
812119,5278444.783,288995.429,40.052,81G2119
812128,5278453.738,286847.656,119.221,81G2128
812145,5273618.958,283124.285,1.975,81G2145
812149,5272118.346,282293.489,11.653,81G2149
812151,5272411.451,282252.067,4.517,81G2151
812153,5271181.198,281224.618,17.191,81G2153
812154,5269973.659,279287.647,67.67,81G2154
812161,5271310.425,283772.919,9.271,81G2161
812164,5270800.773,283091.739,14.627,81G2164
812165,5270713.6,282852.693,27.147,81G2165
812167,5269394.291,280069.462,54.963,81G2167
812175,5273009.119,285817.553,3.878,81G2175
812182,5273034.803,285107.952,8.745,81G2182
812195,5268521.472,282965.523,35.592,81G2195
812198,5267069.631,280776.528,36.318,81G2198
812199,5265614.011,279912.097,18.596,81G2199
812215,5272280.598,289479.279,14.073,81G2215
812219,5266782.794,284406.695,5.46,81G2219
812256,5266113.417,289297.789,21.516,81G2256
816036,5178747.174,276071.351,12.263,816036
819003,5219451.184,263434.323,7.088,819003
819004,5219365.469,263243.552,12.086,819004
819008,5214672.722,261868.034,20.263,819008
819046,5197160.902,261631.379,41.351,819046
819049,5191157.122,260024.778,47.855,819049
822004,5225707.818,270481.115,28.036,822004
822007,5223620.331,268657.014,18.967,822007
822351,5237142.554,238450.664,15.199,82G2351
822359,5237103.045,236220.443,32.021,82G2359
822368,5236998.401,231176.35,51.215,82G2368
822371,5236116.982,231094.296,42.366,82G2371
822377,5235504.099,232048.709,19.661,82G2377
822383,5233749.167,231329.499,3.811,82G2383
822384,5232620.106,231482.7,21.323,82G2384
822388,5231258.472,235725.862,6.812,82G2388
823010,5282411.733,242860.468,31.796,82G3010
823011,5281767.022,243399.006,8.967,82G3011
823012,5281007.674,243708.233,25.225,82G3012
823013,5280421.401,244154.569,52.401,82G3013
823068,5277099.501,249619.965,1.277,82G3068
823069,5277234.584,249253.904,1.117,82G3069
833201,5266723.786,316875.521,166.38,83G3201
833208,5267091.827,313551.361,166.617,83G3208
833211,5265862.223,315081.711,180.654,83G3211
833213,5265186.635,314484.738,161.928,83G3213
833227,5266655.61,309584.71,23.563,83G3227
833239,5264829.433,308939.581,27.023,83G3239
833244,5264306.696,306995.113,26.193,83G3244
833245,5263795.649,307261.784,17.248,83G3245
833246,5263688.516,307108.377,13.415,83G3246
833248,5263383.142,305938.562,16.749,83G3248
833249,5263133.028,305300.38,13.65,83G3249
833251,5263084.952,304751.33,26.645,83G3251
833254,5262149.536,303334.498,2.94,83G3254
833257,5261049.168,302131.667,24.708,83G3257
833258,5260910.924,302087.064,29.034,83G3258
833266,5255776.756,298627.142,56.026,83G3266
833273,5258555.595,298358.18,13.738,83G3273
833276,5258017.836,299040.037,26.428,83G3276
833281,5276352.257,315734.459,38.693,83G3281
833285,5272880.704,314370.764,123.298,83G3285
833297,5269653.505,312371.707,82.883,83G3297
833321,5280905.985,323140.247,123.485,83G3321
833322,5285256.337,326559.743,47.667,83G3322
833400,5234308.288,316735.211,17.152,83G3400
833401,5229053.623,316253.841,35.436,83G3401
833411,5199033.285,309469.65,27.353,83G3411
833412,5174772.087,284771.439,4.55,83G3412
833416,5176775.35,276561.998,6.559,83G3416
833417,5177398.526,276580.327,3.991,83G3417
833420,5180284.295,277190.865,12.268,83G3420
833421,5179880.536,276475.548,37.248,83G3421
833429,5192777.89,258623.66,84.141,83G3429
833430,5196223.551,259807.206,29.599,83G3430
833435,5202879.921,264448.779,2.064,83G3435
833436,5203158.486,265296.99,26.26,83G3436
833438,5204095.067,265705.928,12.625,83G3438
833444,5208664.483,256816.514,1.043,83G3444
833445,5214013.419,261789.724,3.315,83G3445
833446,5215328.722,260975.19,7.113,83G3446
833449,5224841.388,269327.438,7.984,83G3449
844050,5294931.953,293748.998,45.889,84G4050
844051,5295372.517,293542.291,64.238,84G4051
844052,5296053.347,292782.002,114.093,84G4052
844061,5312129.837,300703.005,21.722,84G4061
844062,5313051.862,301569.832,38.833,84G4062
844063,5313356.626,302016.633,41.304,84G4063
844082,5328237.367,304500.583,44.285,84G4082
844084,5327050.268,304422.994,14.706,84G4084
854017,5198018.596,215537.679,39.388,85G4017
854022,5187027.209,223048.965,33.228,85G4022
854023,5186259.929,221995.175,3.746,85G4023
854024,5185651.582,221239.076,24.516,85G4024
854027,5223736.289,254430.699,6.92,85G4027
854029,5224773.843,255224.125,2.018,85G4029
855548,5286319.024,267908.512,3.031,85G5548
855549,5285895.897,268241.321,17.368,85G5549
855583,5270310.271,263426.422,32.421,85G5583
855588,5269648.433,263147.526,6.133,85G5588
874202,5262569.279,288052.558,101.211,87G4202
874210,5257568.948,288071.436,0.988,87G4210
874219,5254051.202,291007.143,55.712,87G4219
874221,5255249.747,292806.313,16.98,87G4221
874223,5255705.177,294199.45,64.344,87G4223
874224,5255855.342,294451.295,52.983,87G4224
874225,5255548.434,294640.714,33.351,87G4225
874231,5251283.556,295786.482,45.603,87G4231
874232,5251497.552,295971.579,60.962,87G4232
885100,5273238.439,326554.375,82.854,88G5100
885103,5274018.846,325950.759,103.478,88G5103
885104,5274300.553,325780.7,117.716,88G5104
885109,5272642.616,328368.387,69.135,88G5109
885111,5273124.825,328373.686,85.504,88G5111
885116,5265406.345,322718.222,68.847,88G5116
916003,5175691.362,283687.143,33.481,916003
916034,5179150.239,287433.05,79.195,916034
916039,5175002.768,285523.261,32.621,916039
918003,5271467.523,326376.643,43.723,91G8003
926003,5260657.691,301840.789,31.996,926003
928002,5269136.222,326210.609,48.056,92G8002
958006,5268922.96,324705.812,80.514,95G8006
966100,5252540.965,296373.137,70.09,96G6100
966101,5253036.801,296510.459,69.839,96G6101
966109,5258181.473,300081.499,22.89,96G6109
966112,5259922.08,300693.629,42.518,96G6112
966114,5259068.042,301069.377,34.896,96G6114
966118,5260737.678,301743.564,23.436,96G6118
966119,5260486.208,302108.43,49.142,96G6119
966120,5261157.91,303060.175,42.945,96G6120
966126,5262869.441,304278.383,20.939,96G6126
966137,5263065.225,306686.476,10.604,96G6137
966139,5264509.95,308372.772,27.904,96G6139
966142,5265012.583,308880.16,26.675,96G6142
966143,5264703.319,309265.167,57.005,96G6143
966144,5263868.501,309882.949,119.355,96G6144
966146,5264565.791,310076.033,99.884,96G6146
966147,5264876.878,309981.308,81.187,96G6147
966154,5263796.134,312673.264,119.798,96G6154
968002,5253248.752,272464.452,85.98,96G8002
968003,5254106.14,273761.838,89.432,96G8003
968004,5252879.947,273019.169,87.725,96G8004
968006,5255680.166,276785.462,110.122,96G8006
968007,5256691.26,275302.955,85.029,96G8007
968008,5258498.279,278599.671,127.456,96G8008
968011,5253762.722,280705.6,115.756,96G8011
977209,5257566.566,321111.778,106.341,97G7209
977220,5258461.106,326650.952,22.613,97G7220
977222,5258545.551,327212.3,18.247,97G7222
977229,5262979.965,323805.786,162.51,97G7229
977230,5263199.453,323665.709,155.649,97G7230
977234,5264552.995,323708.322,88.443,97G7234
977243,5274735.34,323061.991,157.328,97G7243
977250,5274153.818,322780.193,162.849,97G7250
977253,5244176.057,302915.296,255.479,97G7253
989201,5246709.954,251168.044,131.062,98G9201
989203,5247516.45,252321.596,143.816,98G9203
989204,5278035.722,248831.693,10.813,98G9204
4206901,5260306.364,301935.061,53.063,CURB
42069002,5260297.74,301955.135,53.368,CURB
855542,5291251.039,268537.302,13.478,85G5542
855538,5292443.668,270085.043,7.006,85G5538
855534,5293638.855,269964.898,8.504,85G5534
7151198,5304874.223,276000.286,16.786,7151198
855522,5305988.912,276996.345,76.845,85G5522
855519,5307806.371,277705.028,32.969,85G5519
855520,5307992.345,278284.931,16.328,85G5520
968021,5247161.77,282584.929,138.219,96G8021
968020,5248057.935,283855.73,137.81,96G8020
19047,5209171.218,314122.691,28.854,19047
19044,5209406.014,313594.538,1.464,19044
833405,5209789.724,313685.691,11.538,83G3405
968018,5250465.538,282084.761,131.288,96G8018
